document_id,year,family_size,citations
030-241-827-111-864,1996,1,9
085-704-520-209-14X,2006,3,9
118-038-591-542-007,2006,6,58
174-080-699-385-082,2006,1,3
158-376-163-033-559,2011,5,0
052-113-088-060-056,2013,1,1
041-182-356-122-058,2015,2,9
127-550-284-776-611,2017,10,10
009-474-442-495-998,2019,7,1
056-212-992-011-85X,2019,2,2
113-034-978-257-50X,2019,7,3
011-939-567-760-053,2021,2,13
075-879-807-052-321,2021,2,8
166-433-339-099-841,2022,3,9
001-733-629-217-798,2023,2,32
008-351-775-289-643,2023,6,5
008-448-175-823-241,2023,1,17
009-688-869-677-786,2023,3,0
021-527-587-495-092,2023,5,13
044-021-910-940-798,2023,3,2
048-653-784-197-606,2023,1,9
055-582-459-144-795,2023,7,1
056-970-686-229-861,2023,2,10
072-977-784-946-049,2023,2,7
073-261-912-371-909,2023,6,0
073-622-202-018-386,2023,1,17
074-750-738-128-578,2023,6,1
075-282-559-801-079,2023,2,0
075-628-885-439-71X,2023,2,12
076-323-130-569-857,2023,2,0
079-533-935-480-299,2023,2,3
082-064-519-870-078,2023,10,27
092-129-344-473-640,2023,1,1
098-573-704-804-626,2023,1,12
108-228-125-100-88X,2023,1,2
108-737-088-709-818,2023,1,3
110-353-063-725-634,2023,1,17
116-823-954-877-211,2023,3,0
119-559-251-860-527,2023,31,1
123-482-961-487-941,2023,1,22
126-367-787-879-944,2023,8,16
131-030-734-083-683,2023,4,5
131-283-105-214-48X,2023,5,5
133-096-966-199-292,2023,10,3
138-807-264-604-476,2023,2,1
144-797-866-505-994,2023,2,4
153-770-187-783-913,2023,1,10
156-274-532-005-984,2023,5,1
157-682-636-433-480,2023,5,0
159-977-135-365-097,2023,4,6
160-190-394-801-101,2023,1,2
160-647-345-555-298,2023,1,29
163-744-288-534-573,2023,5,0
164-185-668-137-420,2023,9,0
166-259-497-100-237,2023,2,0
167-531-967-566-207,2023,1,8
169-208-161-770-025,2023,1,2
176-101-241-601-057,2023,2,1
179-707-932-018-245,2023,3,0
180-233-210-341-933,2023,6,59
183-586-295-383-78X,2023,1,6
192-164-103-639-135,2023,7,7
199-637-524-534-464,2023,3,0
000-111-921-170-461,2024,2,0
000-895-844-862-680,2024,2,0
000-995-236-411-219,2024,3,2
003-301-519-858-301,2024,2,1
003-695-524-477-452,2024,1,0
004-100-705-447-229,2024,2,3
004-210-655-963-221,2024,1,0
004-364-447-149-69X,2024,2,2
004-382-139-991-702,2024,1,3
004-387-960-580-351,2024,1,3
004-608-357-137-642,2024,1,11
005-065-931-296-081,2024,4,4
005-372-984-178-193,2024,1,1
005-412-574-769-613,2024,1,6
005-712-583-063-318,2024,3,1
005-820-701-082-535,2024,4,11
005-861-785-120-447,2024,2,0
005-909-120-451-401,2024,1,4
006-394-246-080-470,2024,1,5
006-479-027-687-304,2024,2,0
006-775-974-508-809,2024,4,0
006-821-957-368-749,2024,1,0
007-033-146-677-467,2024,2,2
007-744-862-874-294,2024,2,1
008-325-302-998-184,2024,3,9
008-622-337-272-245,2024,2,0
009-408-984-760-228,2024,3,7
009-594-637-581-876,2024,2,0
011-068-240-450-618,2024,3,6
011-098-059-187-349,2024,2,4
011-255-948-347-804,2024,2,0
011-299-876-903-342,2024,1,1
011-576-364-657-312,2024,1,3
011-831-070-665-232,2024,2,5
012-059-017-962-487,2024,2,0
012-603-228-531-704,2024,2,3
013-060-316-070-82X,2024,1,3
013-621-844-460-159,2024,3,1
013-816-276-435-675,2024,1,0
013-906-420-179-514,2024,2,8
014-034-940-584-266,2024,2,0
014-070-693-292-845,2024,2,0
014-423-482-022-248,2024,2,3
014-464-159-718-158,2024,2,0
014-833-747-719-406,2024,1,0
016-018-495-012-966,2024,2,2
016-424-541-600-819,2024,2,11
017-582-819-628-470,2024,1,7
017-675-178-147-61X,2024,1,0
018-100-485-833-379,2024,2,0
018-189-571-248-76X,2024,3,0
019-182-862-709-815,2024,1,0
019-276-038-116-402,2024,4,0
019-698-979-953-704,2024,3,0
020-190-281-308-12X,2024,1,0
020-793-204-968-75X,2024,1,0
021-297-528-922-479,2024,2,0
021-594-961-810-33X,2024,1,1
021-636-773-837-095,2024,1,2
021-878-663-351-23X,2024,1,0
021-970-961-985-291,2024,1,3
022-240-914-795-200,2024,1,0
022-351-466-390-630,2024,2,3
022-540-781-775-955,2024,1,7
022-860-567-742-629,2024,3,0
022-937-864-094-683,2024,1,2
023-159-685-338-484,2024,2,5
023-181-646-302-391,2024,2,0
023-938-485-256-276,2024,2,15
024-069-983-642-975,2024,1,0
025-131-786-876-474,2024,2,0
025-247-445-325-927,2024,1,0
025-373-929-578-944,2024,2,0
025-375-880-588-39X,2024,1,0
025-846-105-283-649,2024,1,0
025-969-913-904-984,2024,1,1
026-099-292-588-703,2024,5,0
026-681-392-694-451,2024,1,0
026-767-748-461-85X,2024,3,0
027-322-828-522-266,2024,1,0
027-651-958-099-328,2024,1,3
027-700-854-480-448,2024,1,4
027-781-772-160-43X,2024,7,0
028-170-654-026-073,2024,2,1
028-394-101-226-238,2024,2,4
030-500-625-360-292,2024,1,0
030-642-833-083-879,2024,1,0
030-734-224-376-770,2024,1,0
031-295-496-215-06X,2024,2,4
032-595-295-100-187,2024,2,0
032-691-490-056-927,2024,1,7
032-709-767-497-200,2024,1,17
033-192-478-824-911,2024,3,1
033-309-867-231-219,2024,2,25
033-604-883-757-618,2024,2,0
034-115-920-324-520,2024,2,3
034-784-061-090-989,2024,2,6
035-045-250-134-060,2024,2,0
035-438-345-173-713,2024,1,0
036-068-428-967-421,2024,7,17
036-154-152-222-832,2024,1,0
036-539-855-725-054,2024,1,1
037-118-391-547-691,2024,2,0
037-206-513-994-626,2024,1,1
037-336-497-534-990,2024,1,4
037-908-930-509-35X,2024,3,2
039-291-010-737-056,2024,1,0
039-526-187-790-454,2024,1,13
039-583-683-185-529,2024,5,3
039-966-673-900-400,2024,1,0
040-088-752-760-871,2024,2,0
040-100-017-287-597,2024,1,3
040-183-121-992-700,2024,28,16
040-460-575-522-298,2024,6,0
041-246-842-931-184,2024,2,1
041-524-626-258-594,2024,1,0
042-158-292-138-902,2024,2,3
042-370-334-891-205,2024,1,7
042-825-123-513-034,2024,1,3
043-052-968-637-033,2024,1,1
043-135-715-313-907,2024,1,0
044-070-924-812-843,2024,1,9
044-848-742-470-007,2024,2,0
044-987-944-145-560,2024,1,5
045-235-096-237-95X,2024,1,1
045-388-170-534-184,2024,3,0
045-613-859-440-610,2024,1,1
046-075-707-443-477,2024,1,0
046-206-981-621-827,2024,1,0
046-321-428-170-34X,2024,1,7
046-394-596-388-177,2024,4,0
046-650-425-211-684,2024,1,0
046-913-270-759-689,2024,5,9
047-290-401-646-907,2024,2,0
047-748-909-091-617,2024,1,54
047-790-354-547-092,2024,1,1
048-011-664-795-64X,2024,1,5
049-423-113-086-262,2024,2,0
049-490-042-522-45X,2024,2,4
050-919-750-727-565,2024,3,6
053-735-486-027-73X,2024,3,0
054-179-722-472-993,2024,1,0
054-318-911-863-069,2024,1,0
055-247-327-902-402,2024,1,6
055-286-544-411-556,2024,1,2
055-978-743-718-718,2024,3,13
056-471-497-183-984,2024,1,2
056-488-305-333-636,2024,1,15
056-762-748-568-978,2024,1,4
057-269-185-396-048,2024,2,5
057-713-095-690-129,2024,2,4
058-399-060-583-204,2024,1,5
058-564-557-135-526,2024,2,7
059-802-462-709-90X,2024,4,0
060-238-275-040-498,2024,2,2
060-511-710-338-462,2024,6,6
060-557-198-563-364,2024,2,0
060-557-534-954-701,2024,4,0
061-039-497-705-090,2024,1,5
061-275-995-442-62X,2024,2,0
061-791-858-455-732,2024,2,2
063-075-335-227-074,2024,2,3
063-379-467-127-027,2024,2,24
064-370-409-310-953,2024,1,6
064-760-277-543-408,2024,1,1
065-727-315-381-06X,2024,1,6
065-970-119-150-07X,2024,2,7
066-998-541-462-774,2024,1,0
067-001-614-122-172,2024,3,1
067-164-299-709-040,2024,1,0
068-219-726-032-41X,2024,1,0
068-769-841-690-748,2024,1,0
069-114-622-876-816,2024,1,1
069-362-628-680-243,2024,2,0
069-619-439-030-365,2024,2,0
069-834-645-194-24X,2024,1,0
069-885-157-553-514,2024,1,5
070-024-724-158-117,2024,2,1
070-126-898-720-285,2024,1,1
071-064-046-603-041,2024,3,0
071-337-245-714-618,2024,1,0
072-163-860-202-71X,2024,1,1
072-449-282-639-250,2024,1,2
072-946-610-763-662,2024,4,2
073-608-192-615-126,2024,2,2
074-029-261-954-536,2024,1,0
075-589-786-497-640,2024,1,7
077-231-033-529-296,2024,1,0
077-275-736-608-614,2024,2,0
078-022-293-526-521,2024,2,0
078-368-963-106-787,2024,2,0
078-706-797-295-795,2024,1,2
080-141-480-316-427,2024,3,2
080-878-612-401-081,2024,1,0
081-390-068-856-804,2024,1,7
081-546-269-382-463,2024,2,0
081-588-410-982-691,2024,3,0
081-740-342-928-274,2024,1,0
082-075-304-568-190,2024,1,0
082-196-654-811-227,2024,1,1
082-605-217-435-037,2024,2,0
082-739-368-983-536,2024,1,12
082-986-552-348-581,2024,2,1
083-351-148-720-676,2024,1,2
085-078-257-751-787,2024,3,1
085-234-544-453-127,2024,6,0
085-816-178-407-402,2024,1,0
086-983-434-015-171,2024,3,0
087-250-736-299-622,2024,6,6
087-917-474-155-620,2024,1,0
088-011-995-027-697,2024,5,1
088-632-070-030-511,2024,1,0
088-656-568-800-09X,2024,1,2
088-755-055-976-333,2024,5,5
088-836-831-958-504,2024,2,24
089-172-479-855-801,2024,4,1
089-702-169-971-167,2024,1,1
090-155-141-998-849,2024,1,0
091-288-008-180-859,2024,2,1
091-813-340-669-077,2024,25,0
091-898-667-151-101,2024,2,4
092-027-942-187-663,2024,6,1
092-350-667-009-060,2024,2,0
092-543-376-858-83X,2024,3,1
092-544-974-166-985,2024,1,0
092-784-091-439-014,2024,2,0
093-332-670-468-599,2024,2,6
093-476-597-372-998,2024,2,0
094-113-164-053-098,2024,2,1
094-236-941-333-95X,2024,1,2
094-413-612-537-593,2024,33,0
094-585-179-820-013,2024,2,0
094-917-260-589-419,2024,1,0
095-793-014-698-913,2024,1,0
095-830-584-971-205,2024,2,1
095-960-316-948-418,2024,1,0
096-492-214-145-480,2024,3,1
097-039-532-665-714,2024,1,0
097-204-837-676-111,2024,1,0
097-344-953-175-175,2024,2,1
098-135-824-557-260,2024,1,0
098-294-435-534-274,2024,4,68
098-320-608-617-059,2024,2,17
098-744-285-355-304,2024,2,1
100-579-062-745-624,2024,2,3
101-205-114-914-988,2024,3,2
102-482-241-918-924,2024,2,3
102-863-866-101-251,2024,8,4
103-415-676-032-352,2024,1,0
103-714-624-611-547,2024,1,4
104-267-657-663-954,2024,1,0
104-557-365-786-173,2024,1,0
105-073-357-759-955,2024,3,4
105-467-107-971-197,2024,1,6
106-015-976-725-632,2024,1,1
106-179-039-385-152,2024,1,0
107-734-488-381-751,2024,3,5
107-980-605-621-720,2024,1,0
108-573-064-671-415,2024,2,1
109-558-321-013-781,2024,1,0
110-448-310-494-792,2024,1,7
110-594-157-134-998,2024,2,5
110-856-126-919-626,2024,2,0
110-927-477-209-736,2024,2,0
111-282-557-604-649,2024,1,0
111-384-122-788-677,2024,1,2
111-802-034-911-224,2024,1,0
111-917-105-007-049,2024,1,2
111-999-836-459-69X,2024,3,0
112-194-866-368-236,2024,1,0
112-934-151-404-775,2024,5,3
113-328-802-916-093,2024,2,9
113-410-029-363-26X,2024,8,1
113-963-682-633-146,2024,1,1
114-045-014-315-437,2024,1,0
114-364-053-861-826,2024,2,2
114-933-498-418-832,2024,2,9
115-299-421-475-530,2024,2,0
116-531-407-787-124,2024,2,2
116-720-607-190-069,2024,2,5
117-202-088-725-231,2024,3,6
117-246-503-990-599,2024,2,0
118-335-539-984-685,2024,11,3
119-190-313-658-280,2024,1,1
119-412-685-953-038,2024,3,0
120-304-709-294-725,2024,1,3
120-482-627-364-509,2024,3,0
122-397-486-528-616,2024,2,0
123-659-913-562-661,2024,1,1
124-396-003-803-571,2024,2,1
124-682-840-763-308,2024,2,0
125-056-841-939-211,2024,1,0
125-380-817-770-748,2024,2,0
125-466-459-512-884,2024,3,0
125-496-837-442-746,2024,1,0
125-707-251-937-386,2024,1,1
126-510-616-811-16X,2024,4,13
127-364-159-537-76X,2024,5,6
127-383-915-001-199,2024,3,6
127-732-140-744-925,2024,1,0
128-980-606-345-117,2024,1,7
129-189-843-412-178,2024,2,0
129-347-218-505-484,2024,2,0
129-454-159-873-706,2024,3,0
129-496-849-886-788,2024,48,1
129-581-688-959-240,2024,1,2
129-692-164-565-410,2024,2,0
129-761-925-493-826,2024,2,0
130-408-000-882-158,2024,1,12
130-432-024-142-787,2024,2,0
130-912-403-624-690,2024,2,0
130-954-492-679-313,2024,2,4
131-205-350-659-286,2024,1,1
131-417-591-878-118,2024,2,2
132-514-839-454-556,2024,1,30
132-597-314-737-170,2024,1,0
132-671-205-046-584,2024,1,3
132-673-882-558-973,2024,1,1
133-089-741-727-554,2024,3,13
133-210-775-578-51X,2024,4,0
133-733-187-651-736,2024,1,0
133-741-876-178-163,2024,2,0
134-080-961-990-288,2024,1,0
134-354-296-012-251,2024,2,0
134-926-617-375-91X,2024,1,0
135-247-483-575-415,2024,1,4
135-577-654-724-449,2024,2,3
136-070-361-475-040,2024,2,3
136-098-327-757-591,2024,2,15
136-488-022-134-67X,2024,3,5
137-358-004-987-143,2024,2,0
137-549-984-094-368,2024,1,1
137-762-194-573-981,2024,2,0
138-357-371-688-710,2024,2,3
138-475-066-229-566,2024,13,10
138-590-710-494-744,2024,2,1
138-888-883-493-40X,2024,2,12
139-012-859-365-272,2024,1,0
139-016-411-512-455,2024,1,10
139-025-846-685-958,2024,4,1
139-146-598-330-576,2024,1,11
139-148-090-272-538,2024,1,2
139-429-736-786-273,2024,3,0
140-032-866-318-873,2024,5,11
140-243-602-268-032,2024,4,0
140-482-570-278-33X,2024,1,0
141-093-365-070-238,2024,1,0
141-248-869-756-229,2024,1,3
141-292-577-821-402,2024,2,13
141-504-868-474-633,2024,2,1
142-238-546-614-004,2024,1,0
142-523-928-306-27X,2024,2,2
142-958-897-749-635,2024,2,0
143-410-683-208-350,2024,5,0
143-773-860-228-989,2024,3,3
144-289-755-076-356,2024,1,7
145-258-420-440-579,2024,2,1
145-291-339-003-827,2024,1,3
145-853-609-101-956,2024,12,11
146-054-400-244-310,2024,4,0
146-166-265-604-569,2024,2,4
146-400-827-187-326,2024,2,2
146-499-021-982-120,2024,6,12
146-640-420-528-70X,2024,2,1
146-690-727-073-960,2024,3,0
146-775-946-114-999,2024,1,3
147-531-455-598-090,2024,2,0
147-723-825-622-489,2024,2,5
147-824-222-996-898,2024,2,0
148-522-983-972-746,2024,1,1
148-541-688-937-028,2024,2,6
148-778-842-231-29X,2024,3,0
149-788-520-520-625,2024,1,1
150-117-208-445-497,2024,2,1
150-369-733-785-159,2024,2,3
151-443-381-099-559,2024,2,4
151-690-864-384-539,2024,1,0
151-749-568-133-851,2024,2,0
153-087-490-070-944,2024,3,2
153-967-489-610-590,2024,1,0
154-265-850-703-967,2024,1,1
155-398-632-112-670,2024,1,0
155-806-195-512-456,2024,2,4
155-895-755-860-836,2024,2,1
156-342-729-084-171,2024,2,1
157-710-527-240-319,2024,3,5
158-546-726-922-544,2024,1,0
158-694-609-744-261,2024,2,4
158-994-376-111-15X,2024,1,1
159-158-691-266-613,2024,2,10
159-431-770-201-273,2024,2,0
159-982-274-084-240,2024,3,0
160-322-887-434-348,2024,1,1
160-353-461-840-682,2024,1,1
160-814-916-236-625,2024,1,5
160-843-729-530-59X,2024,5,2
160-881-116-729-894,2024,2,0
161-104-131-458-332,2024,7,7
161-803-360-092-269,2024,3,0
162-206-790-544-262,2024,2,0
163-120-001-524-533,2024,3,5
163-412-073-508-609,2024,1,0
163-753-740-019-573,2024,2,0
163-865-257-167-898,2024,1,4
164-240-801-805-117,2024,2,0
164-855-345-920-867,2024,1,15
164-973-693-214-173,2024,1,10
165-734-032-116-646,2024,2,6
165-957-150-375-41X,2024,3,7
167-444-363-772-08X,2024,1,0
167-638-892-634-075,2024,1,0
167-793-177-473-081,2024,4,0
168-736-208-872-241,2024,7,2
169-571-193-031-370,2024,1,5
169-660-471-384-956,2024,8,2
170-179-989-135-06X,2024,3,2
170-752-523-844-891,2024,2,0
170-882-642-511-534,2024,1,7
171-529-194-244-434,2024,1,0
172-029-013-466-237,2024,1,0
172-371-243-012-234,2024,1,3
172-609-864-088-204,2024,2,0
172-789-572-163-015,2024,4,3
175-528-868-404-678,2024,1,2
176-692-595-085-499,2024,2,0
176-761-223-431-924,2024,1,0
177-157-366-492-148,2024,1,0
177-353-005-246-548,2024,10,2
177-595-900-359-858,2024,5,0
177-667-908-515-077,2024,1,21
178-198-091-836-366,2024,1,9
178-215-750-948-807,2024,2,1
178-505-872-766-791,2024,1,9
178-556-247-168-083,2024,3,2
179-337-958-705-275,2024,2,0
179-506-337-450-155,2024,1,1
180-131-565-929-19X,2024,1,0
181-139-869-650-190,2024,3,9
181-258-782-077-899,2024,1,9
181-836-597-361-208,2024,1,0
181-840-430-971-778,2024,3,12
181-933-359-488-750,2024,1,2
182-237-176-502-203,2024,2,0
182-347-798-870-876,2024,1,2
182-745-758-392-260,2024,2,0
183-346-829-287-037,2024,2,1
183-725-934-485-801,2024,2,1
184-044-479-167-387,2024,3,0
184-295-281-092-136,2024,2,3
184-320-692-406-314,2024,2,0
184-577-098-029-169,2024,2,4
184-651-087-561-363,2024,7,1
184-808-711-246-969,2024,4,3
185-523-214-337-031,2024,1,0
185-551-524-962-754,2024,1,0
185-685-669-998-081,2024,2,3
186-790-476-451-320,2024,4,0
187-401-698-036-661,2024,1,3
187-717-512-988-607,2024,4,5
187-750-054-857-03X,2024,7,7
187-938-927-353-952,2024,7,1
188-217-978-508-623,2024,1,3
188-236-493-507-642,2024,6,36
188-452-558-746-836,2024,3,0
188-741-253-200-948,2024,2,0
188-753-622-057-242,2024,1,2
188-767-267-626-232,2024,2,7
189-002-566-315-92X,2024,4,0
189-072-806-040-843,2024,1,4
189-084-392-995-743,2024,1,0
190-456-732-409-510,2024,4,5
190-525-700-313-617,2024,1,0
190-770-716-362-260,2024,1,1
191-186-202-015-919,2024,2,6
191-190-345-357-619,2024,1,1
192-417-041-234-417,2024,5,0
192-820-260-007-564,2024,3,0
193-429-818-595-460,2024,1,5
195-195-030-368-821,2024,1,0
195-451-388-202-172,2024,2,25
196-772-360-295-964,2024,4,0
197-130-370-465-244,2024,2,2
197-197-432-034-244,2024,4,8
197-469-404-471-267,2024,1,0
197-478-395-673-506,2024,2,0
198-234-546-130-134,2024,2,0
198-371-869-509-895,2024,1,0
198-553-612-543-948,2024,2,2
198-701-830-021-955,2024,1,0
199-270-353-362-89X,2024,1,0
199-330-616-652-664,2024,1,0
000-177-876-672-375,2025,1,0
000-279-783-995-316,2025,2,0
000-305-743-254-966,2025,1,0
000-465-765-694-754,2025,1,1
000-631-362-804-673,2025,1,0
000-679-567-886-29X,2025,2,0
000-712-557-998-441,2025,1,0
000-797-867-148-624,2025,1,0
001-046-044-625-708,2025,1,0
001-175-627-476-645,2025,2,1
001-443-976-854-155,2025,1,1
001-794-397-666-736,2025,1,0
001-842-553-834-345,2025,1,0
001-871-845-249-255,2025,1,0
001-982-706-822-332,2025,2,0
002-150-864-751-562,2025,2,0
002-158-978-134-497,2025,1,0
002-160-533-250-658,2025,1,0
002-167-014-349-631,2025,2,0
002-413-164-256-239,2025,3,0
002-614-687-791-485,2025,1,0
002-737-770-141-619,2025,3,2
002-841-574-569-01X,2025,1,0
002-871-652-867-053,2025,2,0
002-958-271-615-532,2025,1,0
003-101-673-632-718,2025,2,0
003-292-598-106-172,2025,2,0
003-331-126-785-17X,2025,1,0
003-648-452-008-419,2025,3,0
003-857-307-232-60X,2025,1,0
004-099-344-168-463,2025,1,1
004-272-682-952-898,2025,1,0
004-417-586-076-749,2025,1,0
004-520-183-888-182,2025,2,0
004-598-686-128-054,2025,1,0
004-697-132-830-814,2025,1,1
004-708-334-257-981,2025,2,0
004-829-035-800-412,2025,2,0
004-844-229-956-947,2025,1,2
004-907-285-976-331,2025,2,0
005-051-072-070-086,2025,3,1
005-063-680-159-357,2025,1,0
005-248-981-162-139,2025,1,0
005-546-129-748-607,2025,1,0
005-562-478-115-189,2025,1,0
005-593-363-562-992,2025,2,0
005-835-357-937-961,2025,1,1
005-868-672-509-183,2025,1,2
005-965-859-701-137,2025,1,1
006-048-333-730-249,2025,6,0
006-127-291-899-155,2025,1,0
006-242-319-928-004,2025,3,1
006-267-903-475-316,2025,2,3
006-283-937-106-930,2025,1,0
006-306-032-397-373,2025,2,0
006-415-508-221-334,2025,3,1
006-466-473-472-407,2025,1,0
006-774-361-417-15X,2025,1,0
006-917-615-959-57X,2025,2,0
006-949-009-784-956,2025,4,1
007-112-307-497-260,2025,1,0
007-259-944-264-124,2025,1,0
007-273-884-911-887,2025,1,0
007-285-629-421-213,2025,1,0
007-353-055-589-958,2025,1,1
007-376-828-617-845,2025,1,1
007-647-398-757-187,2025,1,0
007-656-144-185-080,2025,1,0
007-696-384-833-688,2025,4,0
007-724-297-585-263,2025,1,3
007-814-802-376-091,2025,1,2
007-976-771-695-293,2025,1,1
008-226-374-828-770,2025,2,0
008-253-785-219-367,2025,2,2
008-298-679-429-781,2025,3,0
008-331-221-227-119,2025,2,0
008-381-513-866-831,2025,3,1
008-420-385-142-933,2025,1,4
008-511-580-728-933,2025,1,0
008-695-119-787-635,2025,2,2
008-701-662-258-637,2025,2,0
008-854-102-373-319,2025,2,0
009-131-826-230-37X,2025,1,1
009-226-350-520-532,2025,2,0
009-271-711-631-83X,2025,1,0
009-452-787-005-889,2025,3,0
009-453-022-290-918,2025,4,0
009-496-314-019-644,2025,3,0
009-515-984-198-929,2025,1,1
009-661-048-928-71X,2025,2,0
009-749-261-845-493,2025,3,0
009-976-180-266-22X,2025,1,0
010-176-430-491-375,2025,1,1
010-263-772-503-482,2025,2,0
010-314-894-054-440,2025,1,0
010-443-690-965-593,2025,2,0
010-608-427-119-00X,2025,2,1
010-786-681-029-239,2025,1,0
010-844-659-049-025,2025,1,0
010-888-834-288-352,2025,2,0
010-898-853-051-739,2025,1,1
010-940-595-957-525,2025,2,0
011-120-121-285-213,2025,3,0
011-139-157-635-254,2025,2,0
011-348-840-519-363,2025,3,0
011-355-206-120-668,2025,1,1
011-532-134-816-694,2025,3,6
011-559-621-539-997,2025,1,0
011-645-004-563-642,2025,2,0
011-653-263-345-981,2025,2,0
011-709-339-082-04X,2025,1,3
011-777-523-206-780,2025,2,0
011-783-893-865-688,2025,2,1
011-920-889-076-289,2025,1,0
012-145-237-571-876,2025,7,1
012-304-657-225-414,2025,1,0
012-352-410-334-471,2025,1,2
012-362-633-454-816,2025,2,0
012-435-258-587-928,2025,1,0
012-439-976-034-365,2025,3,0
012-453-785-500-256,2025,2,1
012-510-039-813-419,2025,1,0
012-552-650-701-265,2025,2,0
012-600-020-433-642,2025,1,1
012-600-122-355-534,2025,1,0
012-673-705-640-000,2025,2,0
012-693-972-800-054,2025,1,1
012-820-503-317-878,2025,3,0
013-008-208-781-343,2025,1,0
013-008-220-376-391,2025,2,0
013-044-070-438-881,2025,1,3
013-064-038-976-194,2025,1,0
013-129-096-247-090,2025,1,0
013-317-621-737-265,2025,1,0
013-320-449-578-713,2025,1,0
013-331-753-153-633,2025,1,0
013-541-079-854-141,2025,1,0
013-584-479-756-604,2025,1,1
013-601-403-949-33X,2025,2,0
013-640-953-957-379,2025,2,5
013-688-630-760-224,2025,3,0
013-727-276-787-078,2025,1,0
013-744-209-352-28X,2025,1,0
013-842-561-263-146,2025,3,0
013-867-397-275-655,2025,4,2
013-903-566-520-46X,2025,1,0
014-315-433-045-410,2025,1,1
014-334-397-323-500,2025,1,0
014-521-315-447-758,2025,3,0
014-710-303-029-797,2025,1,0
014-853-380-825-015,2025,5,1
015-365-406-133-767,2025,1,0
015-456-051-175-290,2025,2,0
015-884-489-577-703,2025,1,0
015-960-142-773-272,2025,1,0
016-010-272-338-794,2025,2,2
016-183-867-696-000,2025,2,1
016-205-910-368-446,2025,3,0
016-235-525-143-520,2025,3,0
016-394-686-683-139,2025,1,0
016-401-553-234-842,2025,1,0
016-494-347-680-783,2025,4,0
016-527-754-805-123,2025,2,0
016-692-903-449-724,2025,1,0
016-727-424-875-483,2025,2,0
016-762-655-942-341,2025,1,2
016-914-298-868-592,2025,1,1
016-927-403-039-845,2025,1,1
016-941-914-341-780,2025,1,0
017-216-295-888-561,2025,1,1
017-282-897-756-828,2025,5,0
017-518-692-948-04X,2025,1,0
017-610-272-884-109,2025,1,0
017-615-461-177-289,2025,1,0
017-873-718-849-32X,2025,1,0
018-072-228-963-775,2025,2,0
018-183-813-636-216,2025,2,0
018-658-971-667-778,2025,2,2
018-715-617-438-014,2025,1,0
018-742-620-592-948,2025,2,0
018-958-918-534-735,2025,4,0
019-004-537-799-413,2025,1,0
019-193-132-410-09X,2025,1,0
019-204-665-139-897,2025,2,0
019-251-204-903-647,2025,1,3
019-258-363-948-318,2025,1,4
019-351-680-591-881,2025,2,0
019-428-876-919-271,2025,2,3
019-433-773-916-699,2025,2,1
019-478-914-283-821,2025,3,0
019-672-873-317-886,2025,1,0
019-912-676-136-330,2025,2,2
019-919-638-194-46X,2025,1,0
020-136-652-772-363,2025,3,0
020-432-929-826-94X,2025,1,0
020-686-481-362-218,2025,1,0
020-768-771-327-436,2025,6,0
020-798-689-659-201,2025,1,0
020-902-893-320-691,2025,1,0
020-935-779-655-034,2025,2,2
021-113-955-320-73X,2025,1,0
021-269-820-697-530,2025,1,0
021-362-321-372-818,2025,1,0
021-471-704-040-397,2025,6,0
021-483-162-815-423,2025,4,0
021-531-665-135-431,2025,1,0
021-668-207-468-682,2025,1,0
021-708-684-727-433,2025,2,0
021-734-231-404-200,2025,1,0
021-810-604-323-65X,2025,1,0
021-816-409-376-374,2025,1,0
021-870-049-576-15X,2025,1,0
021-885-917-113-916,2025,3,0
022-025-409-617-567,2025,1,0
022-237-953-466-701,2025,2,0
022-372-394-267-117,2025,1,1
022-545-939-766-331,2025,2,2
022-551-936-343-844,2025,1,0
022-572-646-890-80X,2025,1,0
022-955-021-327-775,2025,2,1
023-069-906-558-386,2025,1,1
023-383-007-504-363,2025,3,0
023-478-592-435-689,2025,1,0
023-613-133-811-381,2025,1,0
023-643-135-596-23X,2025,1,0
023-675-199-698-549,2025,1,2
023-719-513-206-082,2025,2,0
023-766-877-906-25X,2025,2,4
023-839-700-119-327,2025,4,0
023-996-655-668-878,2025,1,0
024-356-312-913-772,2025,1,1
024-447-113-479-946,2025,2,0
024-453-451-771-756,2025,2,2
024-656-400-482-778,2025,2,0
024-705-384-270-190,2025,1,0
024-850-879-548-490,2025,1,0
024-857-648-132-270,2025,1,0
024-865-580-412-689,2025,3,1
025-002-736-265-949,2025,1,0
025-120-019-664-338,2025,2,0
025-205-526-772-221,2025,2,0
025-366-257-920-296,2025,3,0
025-380-341-235-41X,2025,2,1
025-434-144-163-390,2025,1,0
025-629-937-213-968,2025,3,0
025-706-717-673-301,2025,2,0
025-718-790-524-474,2025,1,0
025-732-913-266-980,2025,2,0
025-734-133-782-350,2025,1,0
025-776-660-653-759,2025,1,0
025-974-601-114-031,2025,1,0
026-003-583-200-327,2025,1,2
026-333-562-965-699,2025,3,4
026-794-759-603-642,2025,1,0
026-843-883-570-479,2025,2,0
026-861-473-878-605,2025,2,2
027-018-638-583-387,2025,3,0
027-052-699-654-475,2025,1,0
027-145-001-783-148,2025,1,0
027-149-849-056-157,2025,2,1
027-510-636-392-493,2025,1,0
027-671-050-545-808,2025,1,0
027-702-454-791-043,2025,1,0
027-836-480-950-152,2025,2,0
027-848-418-589-843,2025,1,0
028-118-742-722-994,2025,2,0
028-644-082-154-935,2025,1,0
028-792-455-173-798,2025,3,0
028-837-126-911-493,2025,1,2
028-900-478-695-316,2025,4,7
029-014-330-826-180,2025,1,0
029-111-783-174-781,2025,2,0
029-143-396-293-744,2025,1,0
029-382-547-110-967,2025,2,0
029-462-929-513-286,2025,1,1
029-516-882-889-462,2025,1,0
029-749-835-428-337,2025,1,0
029-759-008-073-72X,2025,1,0
029-787-312-228-958,2025,3,0
029-843-799-321-620,2025,3,0
029-882-957-339-191,2025,1,0
029-918-615-009-813,2025,1,0
029-942-816-082-291,2025,2,0
030-188-180-054-087,2025,1,0
030-641-197-415-849,2025,2,0
030-744-621-116-699,2025,3,1
030-802-434-973-671,2025,3,0
031-134-086-129-989,2025,1,0
031-369-205-609-392,2025,1,0
031-378-264-683-060,2025,1,0
031-449-033-505-828,2025,1,0
031-764-834-575-017,2025,1,0
031-798-051-262-124,2025,1,0
031-944-351-072-392,2025,1,0
032-095-348-578-360,2025,2,0
032-261-966-211-305,2025,1,3
032-411-519-051-160,2025,3,0
033-045-335-770-098,2025,1,2
033-060-602-318-537,2025,2,0
033-103-815-858-390,2025,1,0
033-184-270-679-313,2025,1,0
033-387-900-248-439,2025,2,0
033-410-315-863-871,2025,1,4
033-538-654-843-982,2025,2,0
033-720-595-096-219,2025,1,0
033-764-696-475-538,2025,1,0
033-822-027-168-082,2025,1,0
034-153-012-898-753,2025,2,0
034-189-325-320-770,2025,2,0
034-338-775-109-792,2025,1,0
034-674-293-330-278,2025,2,0
034-731-560-313-498,2025,3,0
035-123-177-449-066,2025,1,1
035-244-980-954-310,2025,1,0
035-265-585-213-013,2025,1,0
035-332-664-541-119,2025,2,0
035-340-123-345-676,2025,1,0
035-457-601-702-367,2025,1,0
035-522-243-129-57X,2025,2,1
035-679-645-966-691,2025,1,0
035-696-376-809-296,2025,2,0
035-735-593-715-025,2025,1,7
035-824-132-768-487,2025,3,0
035-880-480-234-103,2025,1,1
035-890-530-243-69X,2025,3,1
035-993-592-354-100,2025,2,0
035-999-885-938-836,2025,1,0
036-008-934-704-240,2025,1,0
036-366-984-022-221,2025,1,0
036-378-530-809-650,2025,1,0
036-493-841-599-463,2025,1,0
036-619-986-347-954,2025,1,0
036-629-278-347-792,2025,3,0
036-745-647-259-156,2025,1,0
036-799-197-440-137,2025,2,2
037-005-799-976-341,2025,2,4
037-462-738-154-882,2025,1,2
037-629-640-232-223,2025,2,0
037-745-562-114-747,2025,1,0
037-844-057-043-523,2025,3,3
037-878-241-823-250,2025,2,0
037-939-706-047-068,2025,1,0
038-001-205-077-639,2025,3,0
038-010-075-091-831,2025,2,0
038-053-749-283-494,2025,4,0
038-078-257-499-775,2025,1,0
038-449-445-753-320,2025,2,0
038-576-802-440-35X,2025,1,1
038-627-494-303-069,2025,2,0
038-638-875-150-557,2025,1,0
038-743-228-863-811,2025,3,0
038-821-073-286-319,2025,1,0
039-026-823-771-991,2025,1,0
039-045-558-141-756,2025,2,0
039-239-996-812-711,2025,1,0
039-255-506-606-879,2025,2,0
039-266-686-784-747,2025,1,0
039-794-398-080-955,2025,1,0
040-121-433-459-821,2025,2,0
040-154-224-334-871,2025,1,0
040-355-360-613-083,2025,2,0
040-429-951-349-324,2025,1,0
040-431-781-446-799,2025,1,0
040-482-867-643-363,2025,2,0
040-567-714-775-050,2025,1,0
040-692-145-535-702,2025,4,1
040-763-119-162-522,2025,1,0
040-870-583-655-447,2025,2,1
040-907-556-982-019,2025,2,0
040-924-188-072-664,2025,2,0
040-950-686-341-432,2025,1,0
040-980-659-156-618,2025,1,0
040-997-498-750-480,2025,1,1
041-164-403-922-674,2025,1,0
041-227-745-353-104,2025,1,0
041-310-126-081-08X,2025,1,0
041-367-402-724-967,2025,1,0
041-410-242-832-58X,2025,3,0
041-617-499-415-253,2025,2,0
041-642-714-712-264,2025,5,0
041-714-574-190-205,2025,1,0
041-833-162-451-327,2025,5,0
041-847-273-506-578,2025,2,0
041-897-747-588-954,2025,1,0
041-928-847-193-035,2025,3,0
041-944-023-580-016,2025,1,0
041-957-752-892-645,2025,3,0
042-442-997-752-943,2025,1,0
042-499-684-548-455,2025,2,0
042-516-459-981-625,2025,1,1
042-585-036-131-118,2025,2,0
042-603-151-425-767,2025,1,0
042-607-273-489-513,2025,1,0
042-746-872-639-827,2025,1,1
042-760-769-607-385,2025,2,0
043-202-072-201-887,2025,1,1
043-316-803-813-752,2025,1,0
043-431-833-187-549,2025,1,0
043-485-404-568-523,2025,2,0
043-491-948-480-838,2025,2,0
043-707-426-613-752,2025,2,0
043-744-052-347-711,2025,1,0
043-864-398-794-427,2025,2,0
044-331-925-552-257,2025,1,0
044-445-579-774-847,2025,2,1
044-750-145-895-669,2025,4,0
044-771-759-472-065,2025,2,0
044-864-028-054-700,2025,3,0
045-154-649-744-974,2025,1,0
045-171-266-513-153,2025,3,0
045-184-321-119-603,2025,1,1
045-380-161-340-955,2025,2,0
045-526-089-423-797,2025,1,0
045-631-686-116-271,2025,1,0
045-761-650-754-736,2025,1,0
046-021-696-572-471,2025,1,0
046-116-964-585-757,2025,2,0
046-225-629-000-128,2025,1,0
046-274-105-542-314,2025,1,0
046-545-286-667-969,2025,1,0
046-557-898-388-221,2025,1,9
046-672-054-018-603,2025,2,0
046-709-628-131-805,2025,3,0
046-809-561-282-630,2025,3,1
046-955-530-989-321,2025,2,3
047-057-213-409-946,2025,3,0
047-153-711-406-465,2025,4,1
047-271-868-464-417,2025,1,0
047-312-919-207-92X,2025,1,2
047-494-578-664-400,2025,2,0
047-855-766-750-93X,2025,1,0
047-863-957-101-529,2025,3,0
047-945-635-179-533,2025,1,0
047-975-685-984-239,2025,1,0
048-028-786-820-349,2025,3,0
048-244-218-916-592,2025,3,0
048-259-377-542-809,2025,1,1
048-618-996-028-608,2025,3,0
048-764-046-816-120,2025,1,0
048-773-793-612-310,2025,1,0
048-811-824-798-491,2025,1,0
049-129-488-170-156,2025,1,0
049-169-808-560-687,2025,1,0
049-184-208-667-62X,2025,1,0
049-195-901-684-253,2025,1,0
049-395-533-721-490,2025,1,0
049-401-569-943-982,2025,1,0
049-407-882-241-458,2025,1,0
049-620-774-306-480,2025,1,0
049-824-230-067-332,2025,1,0
049-930-912-875-045,2025,1,0
050-063-526-925-860,2025,6,0
050-139-118-720-354,2025,3,0
050-324-980-523-645,2025,2,1
050-477-418-157-374,2025,2,0
050-479-240-464-412,2025,1,0
050-760-002-632-059,2025,2,0
050-817-708-441-232,2025,2,0
050-935-696-963-777,2025,1,0
051-013-793-231-637,2025,1,0
051-184-909-673-784,2025,3,4
051-220-890-946-847,2025,1,1
051-387-634-908-379,2025,1,0
051-701-862-080-668,2025,1,1
051-778-921-948-515,2025,1,0
051-905-213-753-505,2025,3,1
051-949-747-177-244,2025,3,0
051-962-248-822-807,2025,1,3
051-976-945-349-696,2025,34,0
052-001-289-485-628,2025,1,0
052-010-520-580-228,2025,1,0
052-274-734-739-758,2025,2,4
052-372-605-689-554,2025,1,0
052-575-131-659-811,2025,1,0
052-617-034-490-56X,2025,2,0
052-740-901-897-960,2025,3,6
052-889-503-973-185,2025,4,13
052-914-983-035-228,2025,2,0
053-008-415-893-306,2025,3,0
053-110-613-850-084,2025,1,0
053-133-824-590-35X,2025,1,0
053-615-708-403-926,2025,1,1
053-850-877-203-642,2025,1,1
053-957-645-872-476,2025,1,0
053-960-611-238-271,2025,2,0
054-216-203-536-932,2025,1,0
054-362-867-199-356,2025,5,0
054-533-066-849-471,2025,2,2
054-577-984-830-467,2025,2,0
054-623-780-792-379,2025,1,0
054-649-346-589-875,2025,2,0
054-793-798-681-126,2025,1,0
054-834-394-010-084,2025,3,0
055-076-973-353-715,2025,1,0
055-238-829-691-241,2025,3,0
055-240-591-452-576,2025,2,0
055-305-456-480-763,2025,1,0
055-333-929-757-688,2025,1,2
055-388-426-361-436,2025,3,2
055-530-508-657-85X,2025,1,0
055-542-130-782-525,2025,1,0
055-786-485-833-919,2025,1,0
055-829-539-974-977,2025,1,0
055-857-975-997-153,2025,2,3
055-904-824-075-943,2025,1,0
055-943-766-083-436,2025,1,0
056-045-682-606-318,2025,1,0
056-067-982-597-967,2025,1,0
056-176-517-494-615,2025,2,0
056-346-290-516-945,2025,2,0
056-470-079-346-731,2025,2,0
056-576-531-375-869,2025,2,0
056-654-276-165-143,2025,2,0
056-766-163-754-618,2025,2,0
056-783-235-478-718,2025,1,0
056-835-237-706-536,2025,2,0
057-205-501-976-907,2025,1,0
057-272-710-529-767,2025,1,0
057-420-019-497-889,2025,2,0
057-550-092-910-823,2025,4,1
057-558-498-538-888,2025,2,0
057-792-018-866-715,2025,2,0
057-820-795-527-14X,2025,2,0
057-897-314-695-894,2025,5,0
058-141-818-325-869,2025,1,0
058-587-862-382-656,2025,3,0
058-592-531-038-240,2025,2,7
058-646-299-728-343,2025,1,0
058-685-066-659-967,2025,1,0
058-707-715-177-947,2025,1,5
058-797-398-523-173,2025,1,1
058-918-842-823-18X,2025,1,1
059-111-739-170-386,2025,1,0
059-483-552-771-891,2025,2,1
059-527-377-448-334,2025,1,3
059-637-692-142-244,2025,3,0
059-842-896-493-92X,2025,1,0
059-843-496-499-630,2025,2,0
059-963-016-527-29X,2025,1,2
060-349-561-913-474,2025,1,2
060-401-827-570-380,2025,2,2
060-696-435-551-288,2025,2,0
061-040-466-093-640,2025,1,0
061-133-761-557-500,2025,1,0
061-233-640-992-141,2025,2,0
061-383-849-000-418,2025,1,0
061-386-903-793-804,2025,3,2
061-390-564-417-485,2025,1,0
061-597-710-916-521,2025,1,0
061-845-205-184-42X,2025,1,0
061-987-485-599-69X,2025,1,0
062-027-494-242-316,2025,1,0
062-044-115-398-543,2025,1,0
062-387-378-083-783,2025,3,0
062-459-298-268-286,2025,1,0
062-488-473-979-775,2025,1,0
062-489-217-235-405,2025,2,0
062-579-872-759-28X,2025,1,0
062-709-575-558-898,2025,1,4
062-765-904-887-200,2025,1,0
062-838-715-106-983,2025,2,1
062-867-023-556-230,2025,2,0
062-907-480-392-562,2025,1,0
062-937-086-304-664,2025,1,0
062-960-593-348-51X,2025,1,0
062-967-858-083-548,2025,1,0
062-977-465-173-672,2025,2,0
062-990-066-052-327,2025,1,0
063-068-281-162-897,2025,2,0
063-124-414-148-364,2025,3,2
063-135-962-006-694,2025,6,0
063-428-746-800-526,2025,2,0
063-450-353-184-516,2025,3,0
063-670-621-869-891,2025,10,0
063-747-456-298-812,2025,2,0
063-855-800-468-656,2025,1,0
063-971-949-950-81X,2025,1,1
064-253-765-910-24X,2025,1,0
064-356-422-233-613,2025,1,1
064-543-316-365-093,2025,1,0
064-574-192-214-032,2025,6,0
064-663-928-988-618,2025,2,0
064-907-210-937-350,2025,2,0
064-910-392-286-022,2025,2,0
064-941-420-520-691,2025,4,0
065-026-645-601-668,2025,1,0
065-300-170-967-744,2025,3,0
065-348-723-132-513,2025,2,3
065-421-512-735-275,2025,1,0
065-817-713-423-535,2025,2,0
066-012-820-288-613,2025,1,0
066-015-402-565-909,2025,1,0
066-089-328-890-683,2025,1,0
066-292-261-317-21X,2025,1,0
066-402-669-720-904,2025,1,1
066-415-847-818-131,2025,1,4
066-453-438-154-853,2025,4,0
066-492-349-234-685,2025,2,0
066-697-987-432-343,2025,1,0
066-749-369-814-864,2025,1,0
066-959-125-141-988,2025,1,0
066-962-669-848-110,2025,1,0
066-979-120-927-170,2025,1,0
066-998-213-407-696,2025,3,5
067-310-917-460-020,2025,1,1
067-400-941-704-370,2025,1,0
067-407-634-968-271,2025,3,1
067-465-624-835-796,2025,2,1
067-499-177-817-822,2025,1,0
067-710-992-684-852,2025,1,0
067-726-155-500-290,2025,3,0
067-757-343-752-614,2025,2,0
067-764-685-607-770,2025,1,0
067-953-736-045-580,2025,2,0
068-301-066-555-508,2025,2,0
068-756-863-782-691,2025,3,0
068-806-570-014-149,2025,1,0
068-874-119-024-312,2025,2,0
069-376-535-637-585,2025,1,0
069-465-322-141-302,2025,2,0
069-544-934-164-586,2025,2,0
069-565-592-308-30X,2025,1,0
069-744-392-295-245,2025,1,1
069-772-538-215-42X,2025,2,0
070-102-700-962-646,2025,1,0
070-129-631-152-294,2025,1,0
070-131-686-095-365,2025,1,0
070-151-848-120-606,2025,3,0
070-212-434-762-656,2025,1,1
070-220-066-564-268,2025,2,0
070-490-668-746-691,2025,4,1
070-585-119-975-872,2025,1,4
070-590-917-838-545,2025,2,6
070-687-168-528-97X,2025,1,0
070-782-081-947-368,2025,1,2
070-883-692-105-699,2025,2,0
070-918-804-838-094,2025,1,0
070-936-274-229-847,2025,2,0
070-943-423-267-296,2025,1,0
070-952-165-768-77X,2025,1,1
071-126-541-013-138,2025,1,0
071-704-391-808-761,2025,1,0
071-789-984-472-875,2025,1,0
071-870-436-263-296,2025,1,3
071-883-334-246-383,2025,1,0
071-891-170-171-302,2025,1,2
071-952-966-518-398,2025,2,0
071-972-982-852-95X,2025,1,2
072-002-882-438-478,2025,1,0
072-109-756-278-581,2025,2,0
072-336-752-499-598,2025,2,0
072-506-946-599-414,2025,1,0
072-594-051-530-478,2025,3,2
072-646-727-672-663,2025,1,0
072-819-505-419-112,2025,1,0
072-825-499-764-550,2025,1,1
073-029-031-256-840,2025,2,0
073-029-581-052-404,2025,2,0
073-084-687-306-355,2025,1,0
073-193-584-282-349,2025,2,0
073-438-387-876-984,2025,1,0
073-441-699-237-230,2025,4,0
073-453-787-848-195,2025,1,0
073-457-286-236-877,2025,3,0
073-474-672-338-198,2025,2,0
073-486-228-102-347,2025,1,0
073-725-240-527-036,2025,1,5
073-809-530-871-431,2025,1,3
073-855-563-878-645,2025,4,0
073-972-760-222-170,2025,1,0
073-986-372-118-862,2025,2,0
074-010-982-289-337,2025,1,0
074-042-488-188-115,2025,2,2
074-052-613-419-656,2025,1,2
074-062-798-743-506,2025,1,0
074-084-612-371-597,2025,3,0
074-136-729-198-689,2025,1,0
074-237-235-356-977,2025,3,0
074-362-872-691-017,2025,1,0
074-384-930-014-792,2025,1,0
074-417-909-062-085,2025,2,0
074-421-045-098-532,2025,1,0
074-471-201-679-650,2025,1,0
074-534-202-640-868,2025,2,0
074-547-568-567-637,2025,1,2
074-722-751-940-247,2025,1,0
074-817-245-718-792,2025,1,0
074-912-163-119-468,2025,3,0
075-009-415-116-091,2025,1,0
075-215-609-284-365,2025,1,0
075-266-059-069-90X,2025,3,0
075-289-638-573-141,2025,1,0
075-360-064-347-530,2025,1,0
075-568-261-113-875,2025,2,0
075-586-006-327-832,2025,1,0
075-800-608-430-452,2025,6,0
075-906-900-849-969,2025,1,0
076-014-715-597-336,2025,2,0
076-036-381-804-469,2025,2,0
076-479-456-714-162,2025,1,0
076-633-850-942-297,2025,1,0
076-636-574-201-567,2025,1,2
076-723-637-879-689,2025,2,0
076-778-014-481-955,2025,1,0
076-911-956-602-781,2025,2,0
076-941-536-191-012,2025,1,0
076-948-332-549-299,2025,3,0
077-129-184-458-500,2025,1,0
077-278-117-215-233,2025,1,0
077-321-247-416-405,2025,1,0
077-346-714-789-659,2025,1,0
077-465-874-303-373,2025,1,0
077-519-385-855-776,2025,2,0
077-574-589-088-056,2025,1,0
077-628-417-481-08X,2025,1,0
077-730-351-822-38X,2025,1,0
077-850-294-973-152,2025,1,0
077-914-447-576-458,2025,1,0
078-109-424-769-753,2025,1,3
078-110-127-617-719,2025,2,0
078-213-051-542-248,2025,2,0
078-235-517-870-41X,2025,1,0
078-367-169-604-880,2025,2,2
078-517-676-702-814,2025,2,0
078-602-570-126-210,2025,3,0
078-904-938-046-133,2025,4,2
078-930-603-928-686,2025,3,0
078-938-260-056-121,2025,3,0
079-269-962-669-337,2025,1,0
079-825-130-485-919,2025,2,0
079-942-148-708-415,2025,2,1
080-037-158-951-81X,2025,2,0
080-098-273-538-085,2025,1,1
080-173-614-723-340,2025,2,0
080-250-125-835-719,2025,1,1
080-532-994-784-728,2025,1,0
080-713-250-250-961,2025,5,0
080-804-317-609-902,2025,1,0
081-314-780-904-609,2025,1,3
081-392-000-907-651,2025,1,0
081-597-769-178-020,2025,1,0
081-626-054-627-101,2025,2,1
081-752-631-768-594,2025,2,0
081-868-891-258-317,2025,2,0
082-158-279-244-701,2025,3,0
082-293-321-493-931,2025,1,2
082-431-973-723-950,2025,1,0
082-604-803-880-331,2025,1,0
082-616-845-683-406,2025,2,0
082-640-816-660-491,2025,1,0
082-740-865-043-543,2025,1,0
082-746-610-646-825,2025,1,0
082-780-182-026-337,2025,2,1
082-874-020-259-055,2025,3,3
083-424-328-383-720,2025,1,0
083-576-541-722-106,2025,3,0
083-885-077-159-821,2025,1,0
084-050-584-322-92X,2025,1,0
084-060-308-811-662,2025,1,0
084-084-607-224-413,2025,1,0
084-201-193-115-347,2025,1,0
084-298-183-529-785,2025,3,0
084-523-016-928-066,2025,3,0
084-601-569-649-48X,2025,2,0
084-719-802-177-495,2025,3,0
084-752-019-815-138,2025,1,0
084-850-595-926-29X,2025,2,0
085-295-117-941-424,2025,3,0
085-305-572-643-396,2025,2,0
085-327-394-174-351,2025,3,0
085-360-771-094-002,2025,1,0
085-477-139-621-533,2025,1,0
085-510-639-458-746,2025,2,0
085-582-216-302-726,2025,1,0
085-631-852-729-200,2025,1,3
085-815-996-446-863,2025,1,0
085-823-571-629-664,2025,3,0
085-953-681-372-252,2025,1,0
085-998-008-958-404,2025,2,0
085-999-381-789-463,2025,1,0
086-443-427-034-289,2025,3,0
086-461-920-837-164,2025,1,3
086-472-733-145-692,2025,2,0
086-499-320-398-851,2025,2,0
086-822-883-460-812,2025,1,0
086-962-720-308-255,2025,1,0
087-019-297-117-871,2025,2,0
087-184-890-016-747,2025,2,0
087-244-355-973-424,2025,1,2
087-495-882-874-408,2025,2,0
087-500-874-639-815,2025,1,0
087-524-910-442-240,2025,1,0
087-539-800-797-827,2025,3,1
087-574-638-164-207,2025,7,0
087-669-548-959-147,2025,2,1
087-856-460-946-177,2025,2,0
088-060-772-939-470,2025,1,1
088-076-579-685-516,2025,1,0
088-116-401-136-214,2025,2,0
088-174-170-664-591,2025,1,0
088-189-601-169-915,2025,1,0
088-228-229-992-25X,2025,2,3
088-322-075-393-270,2025,3,4
088-435-157-002-668,2025,2,0
088-470-285-177-773,2025,1,1
088-492-145-156-185,2025,1,0
088-830-240-691-900,2025,1,1
088-916-665-002-741,2025,2,1
088-924-182-571-085,2025,4,0
088-947-489-029-591,2025,1,0
088-956-594-405-987,2025,1,0
089-247-627-554-714,2025,2,0
089-484-483-726-714,2025,1,1
089-539-682-369-778,2025,2,0
089-555-237-010-644,2025,1,0
089-902-794-360-51X,2025,1,0
090-054-049-787-333,2025,1,0
090-178-412-353-236,2025,1,4
090-254-101-326-195,2025,3,0
090-493-135-592-801,2025,3,0
090-549-542-279-45X,2025,2,0
090-602-035-043-370,2025,1,0
090-974-881-858-285,2025,1,0
091-006-232-402-198,2025,1,0
091-183-705-330-284,2025,3,0
091-232-932-527-413,2025,2,0
091-237-450-264-967,2025,6,1
091-377-777-922-84X,2025,1,0
091-888-683-854-449,2025,2,0
092-041-920-022-068,2025,1,0
092-220-293-024-120,2025,1,0
092-375-329-256-000,2025,1,0
092-683-595-925-099,2025,1,0
092-842-739-005-060,2025,1,2
092-909-915-421-228,2025,1,0
093-303-848-936-570,2025,2,0
093-400-145-581-114,2025,1,0
093-529-179-525-492,2025,1,0
093-655-918-507-798,2025,2,1
093-730-859-224-372,2025,2,1
093-763-435-157-584,2025,1,0
093-922-847-385-597,2025,1,0
094-182-910-314-915,2025,1,0
094-277-523-946-463,2025,2,0
094-439-508-365-838,2025,1,0
094-615-882-771-983,2025,1,0
094-897-025-237-397,2025,1,0
094-979-426-528-223,2025,1,0
095-222-448-077-365,2025,1,0
095-344-926-573-474,2025,1,0
095-432-026-695-767,2025,2,3
095-588-441-070-781,2025,1,0
095-770-442-989-539,2025,1,0
095-927-878-680-834,2025,3,2
096-417-975-762-336,2025,4,0
096-707-757-545-187,2025,1,0
096-719-160-580-869,2025,2,0
097-004-271-312-311,2025,1,0
097-052-439-683-084,2025,1,0
097-112-838-972-782,2025,1,0
097-151-608-068-538,2025,1,0
097-404-872-532-750,2025,3,0
097-458-094-862-641,2025,1,0
097-736-677-101-446,2025,4,0
097-789-482-923-158,2025,2,0
097-890-905-926-163,2025,1,0
097-906-320-497-387,2025,3,0
097-989-857-353-566,2025,2,3
098-118-220-030-893,2025,3,0
098-271-765-882-691,2025,3,0
098-387-430-601-813,2025,1,0
098-406-454-278-281,2025,2,2
098-406-819-927-839,2025,1,3
098-463-585-788-346,2025,3,0
098-522-405-670-787,2025,1,0
098-535-530-176-908,2025,1,0
098-573-674-500-719,2025,1,0
098-582-556-243-111,2025,3,3
098-606-711-351-459,2025,1,0
098-759-885-894-661,2025,2,2
099-039-961-655-891,2025,2,0
099-104-193-644-011,2025,1,0
099-261-562-370-474,2025,1,0
099-501-386-335-169,2025,3,0
099-549-370-654-90X,2025,1,0
099-727-979-403-317,2025,5,0
099-732-716-576-933,2025,1,0
099-834-632-439-55X,2025,1,0
099-834-780-671-414,2025,2,0
099-854-619-817-42X,2025,1,0
099-937-482-088-986,2025,1,0
100-075-132-881-834,2025,1,0
100-337-304-505-526,2025,1,1
100-488-606-100-24X,2025,1,0
100-528-536-697-741,2025,2,0
100-569-594-593-60X,2025,1,0
101-060-593-312-145,2025,1,5
101-311-927-385-429,2025,1,0
101-393-896-301-182,2025,1,0
101-687-012-625-573,2025,2,0
101-731-550-158-170,2025,3,0
101-774-655-201-948,2025,1,0
102-145-308-567-050,2025,2,0
102-162-874-360-905,2025,2,0
102-701-183-725-485,2025,1,0
102-786-764-828-250,2025,2,1
102-913-710-695-682,2025,2,0
102-961-069-263-847,2025,1,0
103-082-662-893-247,2025,1,0
103-113-629-275-366,2025,1,0
103-117-122-980-013,2025,2,0
103-200-093-389-052,2025,1,0
103-234-451-067-113,2025,1,0
103-301-820-649-053,2025,1,1
103-330-903-463-492,2025,1,2
103-392-394-138-897,2025,1,0
103-397-514-602-790,2025,1,0
103-398-315-061-869,2025,2,0
103-479-242-618-05X,2025,3,0
103-590-047-474-930,2025,2,0
103-593-624-817-440,2025,1,0
103-871-485-038-013,2025,2,0
104-012-649-793-252,2025,4,1
104-024-897-192-403,2025,3,0
104-060-511-867-788,2025,1,5
104-207-836-836-246,2025,1,1
104-242-404-791-412,2025,1,1
104-269-719-092-149,2025,3,22
104-283-687-230-99X,2025,1,0
104-460-669-005-718,2025,1,0
104-464-596-072-503,2025,1,0
104-598-151-031-788,2025,1,0
104-682-757-682-691,2025,2,0
104-727-923-039-199,2025,1,2
104-925-607-622-128,2025,1,0
104-931-329-437-715,2025,1,0
104-969-119-616-647,2025,3,0
105-025-986-283-754,2025,2,1
105-134-399-842-243,2025,3,0
105-145-952-329-263,2025,2,0
105-150-513-649-421,2025,2,0
105-228-997-654-231,2025,3,0
105-679-141-308-764,2025,1,0
105-853-323-007-867,2025,1,0
106-179-512-901-117,2025,2,1
106-218-669-129-478,2025,2,0
106-245-319-045-34X,2025,1,1
106-264-873-928-709,2025,1,0
106-366-793-375-865,2025,3,0
106-391-554-848-64X,2025,1,0
106-477-668-841-398,2025,3,0
106-690-530-113-833,2025,2,1
106-847-279-698-351,2025,1,0
106-909-841-880-291,2025,2,0
106-922-646-128-762,2025,2,0
106-957-039-504-156,2025,1,1
107-201-068-357-681,2025,1,1
107-313-626-779-245,2025,1,6
107-323-153-525-892,2025,4,3
107-669-698-967-349,2025,1,0
107-729-012-534-787,2025,1,1
107-862-297-696-626,2025,2,0
107-907-683-047-241,2025,2,0
108-257-108-994-298,2025,1,2
108-316-909-771-649,2025,2,0
108-585-231-066-174,2025,2,0
108-975-503-922-549,2025,1,0
109-134-251-227-987,2025,1,1
109-183-681-987-127,2025,1,0
109-240-736-348-890,2025,1,0
109-274-975-780-619,2025,2,0
109-824-734-223-575,2025,2,1
109-952-867-990-58X,2025,3,0
110-025-743-276-315,2025,2,0
110-113-905-864-284,2025,3,1
110-125-565-050-003,2025,1,0
110-182-013-765-298,2025,2,0
110-228-829-953-743,2025,1,0
110-290-247-278-503,2025,1,0
110-331-253-296-837,2025,1,0
110-356-212-778-953,2025,1,0
110-362-250-557-28X,2025,2,0
110-376-934-652-373,2025,1,0
110-436-693-566-66X,2025,2,5
110-726-976-989-510,2025,2,0
110-765-197-114-186,2025,1,2
111-020-079-454-120,2025,1,0
111-083-265-902-335,2025,2,0
111-176-155-225-401,2025,1,0
111-245-579-236-098,2025,1,0
111-450-992-917-893,2025,1,0
111-507-321-993-953,2025,1,0
111-742-845-466-628,2025,1,0
111-897-320-395-27X,2025,1,1
111-963-786-960-771,2025,2,0
112-004-789-635-205,2025,1,1
112-100-100-135-703,2025,1,0
112-122-094-287-889,2025,2,2
112-138-351-127-517,2025,2,0
112-188-937-825-06X,2025,1,1
112-261-369-570-668,2025,1,0
112-398-626-537-410,2025,2,0
112-411-256-393-651,2025,1,1
112-432-946-904-511,2025,1,0
112-438-939-180-495,2025,4,0
112-442-396-946-109,2025,1,0
112-549-703-813-358,2025,2,0
112-578-259-336-438,2025,1,1
112-675-167-015-391,2025,1,0
112-944-129-792-897,2025,2,0
113-025-366-726-569,2025,3,1
113-223-247-955-614,2025,1,0
113-404-434-543-300,2025,3,1
113-669-545-482-225,2025,1,0
113-709-098-941-752,2025,3,0
113-782-308-984-736,2025,1,0
113-804-669-722-402,2025,2,0
114-068-716-200-96X,2025,2,0
114-401-377-353-860,2025,2,0
114-432-054-878-47X,2025,3,0
114-547-533-765-384,2025,2,0
114-580-208-869-539,2025,2,0
114-603-988-374-607,2025,1,0
114-787-740-588-627,2025,1,0
115-046-628-375-419,2025,12,0
115-129-137-908-464,2025,3,0
115-150-198-449-739,2025,2,0
115-186-139-984-832,2025,1,2
115-271-030-430-197,2025,3,2
115-372-139-782-295,2025,1,1
115-412-803-775-848,2025,2,0
115-639-799-239-781,2025,5,0
116-005-227-259-746,2025,1,0
116-129-657-842-557,2025,1,0
116-226-376-466-043,2025,1,0
116-249-008-145-109,2025,1,0
116-369-939-878-77X,2025,1,0
116-422-308-420-949,2025,1,0
116-429-429-019-053,2025,2,0
116-456-159-678-457,2025,1,0
116-462-520-887-18X,2025,1,4
116-709-718-560-23X,2025,2,0
116-794-498-317-981,2025,1,2
116-954-683-921-523,2025,1,0
117-003-606-544-296,2025,1,0
117-261-843-912-023,2025,1,0
117-289-231-843-383,2025,1,0
117-317-615-653-023,2025,1,1
117-352-766-892-893,2025,1,0
117-396-065-520-020,2025,1,0
117-423-234-378-880,2025,2,0
117-465-937-336-527,2025,2,0
117-517-812-595-391,2025,1,0
117-693-335-016-416,2025,2,0
118-094-858-957-866,2025,2,2
118-159-964-949-434,2025,1,0
118-334-525-635-252,2025,2,0
118-577-860-301-619,2025,1,1
119-026-456-451-514,2025,1,0
119-200-508-860-311,2025,1,0
119-601-536-666-02X,2025,1,0
119-721-617-435-799,2025,3,0
119-894-661-445-543,2025,1,0
120-153-432-502-361,2025,2,1
120-175-605-589-520,2025,2,0
120-286-232-675-304,2025,2,0
120-744-052-164-799,2025,1,0
120-771-967-432-126,2025,2,2
120-833-406-948-035,2025,1,0
121-021-527-267-175,2025,1,2
121-036-833-745-245,2025,3,0
121-061-700-478-600,2025,3,0
121-412-763-543-344,2025,1,3
121-574-971-732-950,2025,1,0
121-665-017-053-066,2025,1,1
121-745-731-375-783,2025,1,0
121-831-929-540-941,2025,1,0
121-907-992-050-038,2025,3,1
122-068-710-153-402,2025,1,0
122-070-559-032-917,2025,1,0
122-074-677-663-670,2025,2,0
122-363-855-083-443,2025,1,0
122-417-125-550-389,2025,1,0
122-632-797-273-152,2025,2,4
122-791-885-582-105,2025,1,2
122-854-454-077-890,2025,2,0
123-005-849-751-069,2025,1,0
123-133-192-434-734,2025,1,0
123-325-648-779-156,2025,1,0
123-408-197-881-410,2025,1,0
123-596-865-420-435,2025,1,0
123-788-656-960-298,2025,2,0
123-839-482-061-598,2025,1,0
123-947-123-893-93X,2025,2,0
124-228-228-692-355,2025,2,0
124-517-016-744-812,2025,1,0
124-599-688-747-604,2025,2,0
124-748-581-961-64X,2025,1,0
124-796-085-973-138,2025,1,1
125-203-909-142-135,2025,2,0
125-401-576-195-104,2025,4,0
125-566-297-706-974,2025,3,0
125-567-461-407-20X,2025,2,0
125-663-707-516-36X,2025,1,0
125-794-935-395-475,2025,1,3
125-867-876-205-890,2025,1,0
125-898-147-774-251,2025,1,1
125-979-236-972-393,2025,2,0
126-002-517-981-808,2025,3,0
126-005-330-387-028,2025,3,0
126-023-421-065-621,2025,1,0
126-028-930-602-408,2025,4,0
126-076-567-464-384,2025,1,1
126-341-662-251-795,2025,3,0
126-351-100-697-663,2025,1,0
126-436-132-238-501,2025,1,0
126-698-643-900-747,2025,1,0
126-726-109-939-997,2025,3,0
126-923-005-283-519,2025,2,1
126-965-402-741-531,2025,1,0
127-101-631-398-43X,2025,1,2
127-348-668-459-552,2025,1,0
127-371-426-703-001,2025,2,1
127-612-761-463-96X,2025,1,1
127-705-302-191-11X,2025,1,1
127-849-266-514-884,2025,1,0
127-904-629-375-959,2025,4,0
127-932-980-773-32X,2025,1,3
128-083-502-059-984,2025,1,0
128-089-223-924-290,2025,4,0
128-163-418-107-445,2025,1,0
128-293-578-638-902,2025,1,0
128-325-800-745-893,2025,1,2
128-507-400-425-564,2025,1,0
128-566-645-855-781,2025,1,0
128-576-781-309-610,2025,1,0
128-703-945-698-042,2025,1,0
128-849-422-841-067,2025,1,0
128-978-204-794-988,2025,1,0
129-145-288-689-789,2025,1,1
129-221-156-188-407,2025,1,0
129-223-266-369-953,2025,2,4
129-262-546-798-64X,2025,3,0
129-312-784-542-124,2025,1,0
129-351-599-120-896,2025,4,1
129-499-711-359-751,2025,1,0
129-785-177-469-105,2025,1,0
129-915-426-364-527,2025,1,0
130-110-013-396-173,2025,1,2
130-446-474-325-457,2025,1,0
130-772-055-002-841,2025,1,0
131-113-875-780-195,2025,2,1
131-304-207-082-422,2025,2,0
131-324-398-470-847,2025,1,1
131-527-305-672-539,2025,5,0
132-107-615-751-035,2025,1,2
132-125-512-548-244,2025,1,0
132-164-484-064-219,2025,1,0
132-248-361-106-245,2025,1,0
132-405-974-065-980,2025,1,0
132-589-354-048-900,2025,1,0
132-737-576-289-701,2025,3,0
132-759-736-651-245,2025,2,0
132-767-630-919-119,2025,1,3
133-072-962-375-811,2025,2,0
133-395-292-752-169,2025,1,0
133-538-272-565-329,2025,4,0
133-848-133-332-721,2025,1,3
133-910-668-200-279,2025,1,0
133-929-589-377-324,2025,1,0
134-048-723-851-506,2025,3,1
134-066-660-748-112,2025,1,1
134-213-027-894-760,2025,2,0
134-280-649-160-235,2025,2,1
134-589-071-874-295,2025,2,0
134-636-555-046-874,2025,3,0
134-691-585-449-246,2025,1,0
134-711-993-225-853,2025,1,1
134-745-737-667-930,2025,2,0
134-772-190-921-264,2025,1,0
134-977-478-759-373,2025,2,0
135-015-655-141-291,2025,1,1
135-087-475-897-844,2025,4,0
135-551-891-866-349,2025,1,0
135-575-509-890-978,2025,2,0
135-640-338-146-383,2025,1,0
135-672-148-540-079,2025,1,3
135-701-648-318-300,2025,1,0
135-711-245-498-983,2025,1,1
135-879-722-775-357,2025,2,0
136-009-260-866-656,2025,3,0
136-061-775-034-646,2025,3,0
136-454-677-393-351,2025,1,0
136-457-475-686-694,2025,1,0
136-510-662-882-092,2025,3,0
136-555-000-094-125,2025,1,0
136-650-069-934-618,2025,3,0
136-703-218-468-128,2025,1,0
136-973-294-609-463,2025,1,0
136-979-947-506-179,2025,2,2
137-011-432-902-297,2025,6,1
137-080-727-843-940,2025,2,0
137-195-754-745-895,2025,1,1
137-224-388-161-223,2025,5,0
137-292-941-156-740,2025,1,0
137-351-602-669-899,2025,2,1
137-443-017-903-494,2025,2,0
137-463-224-570-301,2025,3,0
137-481-893-775-338,2025,4,0
137-550-260-284-105,2025,2,0
137-684-057-805-749,2025,2,0
137-755-926-166-404,2025,1,1
137-911-112-342-79X,2025,1,0
138-147-945-772-984,2025,2,0
138-392-106-283-61X,2025,1,0
138-503-506-433-890,2025,1,0
138-576-432-444-403,2025,4,0
138-730-401-008-740,2025,3,0
138-884-064-898-448,2025,1,0
138-901-365-359-482,2025,1,0
138-908-996-850-763,2025,1,1
138-969-992-692-437,2025,1,0
138-985-951-372-920,2025,2,1
139-019-910-435-70X,2025,2,1
139-029-450-418-675,2025,1,0
139-133-670-001-900,2025,3,8
139-242-575-637-487,2025,1,0
139-271-787-235-394,2025,2,0
139-381-096-588-77X,2025,1,0
139-419-847-224-063,2025,2,1
139-461-754-130-358,2025,2,0
139-547-728-531-104,2025,1,0
139-803-675-228-610,2025,7,0
139-855-452-818-116,2025,3,1
140-118-083-634-914,2025,1,1
140-454-330-275-422,2025,2,0
140-986-362-149-815,2025,1,3
141-073-984-136-701,2025,2,0
141-205-017-294-781,2025,1,0
141-248-272-450-737,2025,1,0
141-268-636-178-729,2025,2,0
141-434-996-438-265,2025,2,0
141-571-808-431-631,2025,1,0
141-721-828-603-753,2025,1,1
141-807-616-796-810,2025,1,0
141-930-120-945-281,2025,1,0
142-009-067-180-246,2025,3,0
142-086-361-358-788,2025,1,0
142-216-573-922-072,2025,1,2
142-237-657-859-616,2025,1,0
142-275-783-554-095,2025,2,0
142-320-972-429-808,2025,1,1
142-541-397-814-089,2025,3,0
142-601-548-350-587,2025,2,1
142-609-921-437-661,2025,1,1
142-999-737-685-59X,2025,1,1
143-259-186-899-753,2025,1,0
143-646-152-603-707,2025,3,0
143-698-755-644-49X,2025,3,0
144-033-691-992-275,2025,2,0
144-257-720-762-843,2025,2,0
144-269-698-075-489,2025,2,0
144-629-912-694-093,2025,3,1
144-772-792-308-160,2025,1,1
144-820-667-216-64X,2025,1,0
144-902-287-326-459,2025,2,0
144-913-967-462-159,2025,1,0
145-032-858-406-824,2025,2,0
145-199-568-646-891,2025,1,3
145-214-898-586-265,2025,4,0
145-244-773-519-410,2025,2,0
145-299-233-191-926,2025,3,0
145-324-495-422-95X,2025,1,0
145-406-847-004-874,2025,8,0
145-435-897-387-984,2025,1,0
145-539-987-907-521,2025,3,0
145-681-287-501-026,2025,1,0
145-754-893-295-191,2025,1,1
145-874-227-182-300,2025,1,0
145-967-258-894-792,2025,3,0
146-187-258-737-366,2025,2,0
146-195-152-990-929,2025,2,0
146-252-960-450-400,2025,2,0
146-315-870-779-195,2025,5,0
146-343-099-927-980,2025,1,0
146-540-382-826-344,2025,2,0
146-667-022-976-822,2025,2,0
146-725-512-966-363,2025,1,0
146-730-538-880-572,2025,1,2
146-877-437-148-303,2025,1,2
147-096-184-231-030,2025,2,2
147-150-960-189-969,2025,1,0
147-195-107-693-040,2025,1,0
147-224-786-445-574,2025,2,0
147-392-328-102-171,2025,2,0
147-628-026-358-663,2025,1,0
147-860-271-630-428,2025,1,0
147-912-777-819-748,2025,1,1
147-930-043-788-101,2025,1,0
148-146-128-593-669,2025,1,0
148-179-983-560-586,2025,1,0
148-218-575-912-940,2025,1,0
148-220-328-221-707,2025,1,0
148-394-242-327-05X,2025,2,0
148-468-028-514-945,2025,3,0
148-572-356-777-349,2025,2,5
148-593-830-709-515,2025,2,0
148-701-766-734-702,2025,1,0
148-719-710-133-25X,2025,3,0
149-027-914-204-936,2025,3,0
149-232-059-345-393,2025,1,0
149-442-609-449-599,2025,1,0
149-549-979-754-822,2025,1,0
149-842-748-444-790,2025,1,0
149-846-070-083-706,2025,2,0
149-919-045-423-515,2025,1,0
150-142-615-459-479,2025,2,0
150-302-924-702-364,2025,1,0
150-381-139-713-947,2025,1,0
150-465-762-166-314,2025,1,0
150-823-424-030-163,2025,1,0
150-835-512-039-895,2025,1,0
150-895-486-615-661,2025,1,0
150-927-039-280-357,2025,2,0
151-306-175-507-864,2025,1,0
151-495-560-485-628,2025,3,0
151-520-477-967-433,2025,1,0
151-954-002-621-71X,2025,4,1
151-980-735-210-263,2025,2,0
152-062-305-641-147,2025,2,0
152-092-178-045-402,2025,2,0
152-171-059-550-057,2025,2,0
152-323-702-865-649,2025,4,0
152-563-837-959-055,2025,1,2
152-600-124-314-96X,2025,1,2
152-635-217-226-387,2025,2,0
152-798-271-733-060,2025,2,0
152-848-998-778-879,2025,2,0
152-851-726-599-559,2025,1,0
152-917-959-214-217,2025,3,0
152-939-629-481-088,2025,1,0
153-228-251-920-32X,2025,1,0
153-314-983-121-065,2025,2,0
153-568-542-718-210,2025,3,0
153-761-284-342-787,2025,1,0
154-071-970-560-07X,2025,2,0
154-096-654-886-562,2025,3,2
154-357-978-274-805,2025,2,0
154-421-139-694-976,2025,1,0
154-513-805-169-718,2025,2,0
154-591-209-053-632,2025,1,0
154-625-489-401-007,2025,3,0
154-642-173-088-821,2025,1,1
154-662-888-968-441,2025,1,0
154-803-944-291-276,2025,1,0
154-991-312-557-356,2025,2,1
155-003-271-652-428,2025,1,0
155-660-415-547-089,2025,1,0
155-667-179-569-447,2025,2,5
155-745-149-314-284,2025,1,0
155-809-341-509-33X,2025,1,0
155-938-669-776-651,2025,2,0
155-948-654-824-058,2025,3,0
156-020-540-137-91X,2025,1,0
156-140-313-045-536,2025,1,7
156-145-048-256-342,2025,2,0
156-151-278-076-647,2025,1,0
156-374-726-669-584,2025,2,0
156-413-138-732-945,2025,3,0
156-459-109-932-300,2025,1,1
156-574-502-342-108,2025,1,1
156-655-533-159-220,2025,1,0
156-846-905-326-029,2025,1,0
156-895-907-036-130,2025,2,0
156-939-667-829-431,2025,2,0
156-958-015-214-419,2025,3,0
157-142-016-835-115,2025,1,2
157-265-761-666-614,2025,3,0
157-360-354-499-869,2025,1,0
157-397-039-319-88X,2025,1,0
158-094-508-981-840,2025,1,3
158-108-898-954-796,2025,1,4
158-144-882-962-132,2025,2,0
158-290-396-827-889,2025,1,0
158-341-108-977-725,2025,3,0
158-348-292-803-953,2025,10,4
158-578-090-345-53X,2025,1,0
158-616-605-685-037,2025,1,0
158-729-485-242-952,2025,1,0
158-787-151-611-696,2025,1,0
158-961-120-811-792,2025,1,0
158-994-683-739-553,2025,1,0
159-105-111-974-439,2025,3,0
159-162-932-295-880,2025,1,0
159-178-577-716-877,2025,2,0
159-206-879-102-227,2025,1,0
159-356-615-816-991,2025,2,0
159-397-481-547-271,2025,1,0
159-427-787-920-977,2025,1,0
159-781-315-063-251,2025,1,0
159-804-201-940-366,2025,1,0
159-957-018-976-747,2025,5,0
160-135-259-531-434,2025,1,0
160-214-760-145-41X,2025,1,1
160-272-504-342-129,2025,3,1
160-335-232-897-299,2025,2,1
160-416-358-832-794,2025,1,0
160-649-556-547-852,2025,1,0
160-887-881-205-200,2025,2,0
160-971-798-827-668,2025,1,0
160-972-592-742-962,2025,1,0
161-057-462-415-223,2025,1,0
161-179-851-766-401,2025,2,1
161-205-519-467-166,2025,2,0
161-427-093-651-284,2025,1,0
161-552-683-026-828,2025,1,0
161-790-982-111-620,2025,2,0
161-886-217-839-696,2025,3,0
162-061-843-156-26X,2025,1,0
162-262-119-772-097,2025,1,0
162-290-177-347-935,2025,2,0
162-324-321-606-499,2025,1,2
162-538-729-626-681,2025,1,0
162-942-999-884-706,2025,1,0
162-985-566-504-886,2025,1,1
163-045-591-562-443,2025,4,0
163-045-671-078-07X,2025,1,1
163-097-549-162-686,2025,2,10
163-503-899-956-815,2025,1,0
163-541-861-747-062,2025,1,0
163-717-494-917-715,2025,3,0
163-718-399-732-944,2025,1,0
163-847-982-173-909,2025,1,0
163-889-714-336-690,2025,1,0
163-963-806-183-68X,2025,1,0
164-062-901-804-593,2025,2,1
164-185-418-127-940,2025,1,0
164-193-730-791-31X,2025,1,0
164-205-139-761-32X,2025,2,6
164-307-858-532-678,2025,2,0
164-485-114-864-962,2025,1,0
164-710-942-513-234,2025,1,2
164-754-050-253-929,2025,1,0
164-801-623-725-997,2025,2,0
165-042-475-513-870,2025,1,0
165-047-241-011-82X,2025,1,0
165-331-173-103-869,2025,1,0
165-335-058-848-636,2025,5,0
165-458-027-501-023,2025,1,0
165-567-790-076-764,2025,1,0
165-636-327-900-674,2025,1,0
165-652-131-731-629,2025,1,0
165-682-275-484-847,2025,3,0
165-704-014-063-731,2025,1,0
165-914-481-611-122,2025,1,0
165-936-494-174-686,2025,2,1
165-957-473-359-107,2025,1,0
166-002-371-599-18X,2025,2,0
166-118-619-832-411,2025,2,0
166-153-229-865-297,2025,1,1
166-316-545-847-000,2025,1,0
166-424-685-837-611,2025,1,0
166-594-982-118-674,2025,2,0
166-636-323-697-783,2025,1,0
166-750-371-623-067,2025,1,0
166-831-233-205-419,2025,2,0
166-901-015-901-329,2025,1,1
166-937-544-625-950,2025,1,1
167-085-515-888-03X,2025,1,1
167-205-862-346-722,2025,2,0
167-288-670-044-873,2025,1,3
167-345-488-290-179,2025,1,1
167-357-765-887-079,2025,2,0
167-359-866-195-767,2025,1,0
167-691-325-766-218,2025,1,1
167-839-236-486-263,2025,3,0
167-868-681-227-553,2025,2,0
168-156-265-071-626,2025,3,0
168-211-516-123-099,2025,1,0
168-374-211-224-629,2025,1,0
168-398-834-446-144,2025,1,1
168-500-526-073-735,2025,1,0
168-617-137-014-159,2025,1,0
168-630-661-858-311,2025,3,0
168-722-930-254-419,2025,1,0
168-799-702-426-261,2025,1,2
168-854-103-662-958,2025,2,1
168-947-611-539-369,2025,1,0
168-983-883-647-986,2025,1,0
169-123-456-657-553,2025,1,0
169-132-623-676-503,2025,1,0
169-166-226-948-515,2025,2,0
169-176-468-843-096,2025,5,0
169-228-252-531-036,2025,3,1
169-441-766-035-964,2025,2,1
169-457-440-634-576,2025,1,0
169-509-925-539-560,2025,1,0
169-594-117-311-903,2025,1,0
169-688-847-853-146,2025,1,0
169-860-312-778-719,2025,2,0
169-874-832-837-353,2025,1,1
169-905-321-881-60X,2025,1,0
170-106-811-728-602,2025,1,0
170-360-833-645-780,2025,7,0
170-627-449-484-767,2025,4,0
170-957-211-154-313,2025,3,0
171-052-830-184-271,2025,6,0
171-098-701-022-691,2025,1,2
171-637-767-396-012,2025,1,0
171-966-133-498-946,2025,1,0
172-042-598-517-04X,2025,1,0
172-334-419-003-348,2025,2,0
172-507-417-415-173,2025,2,1
172-594-494-908-789,2025,1,0
172-612-469-011-837,2025,1,0
172-652-129-733-776,2025,1,0
172-685-083-214-153,2025,1,0
172-789-665-753-962,2025,7,0
172-926-143-142-29X,2025,1,0
173-133-895-785-18X,2025,3,1
173-202-124-139-629,2025,1,0
173-254-763-059-46X,2025,3,0
173-258-769-998-220,2025,1,0
173-294-392-258-510,2025,8,0
173-484-911-764-296,2025,2,0
173-524-635-810-447,2025,1,0
173-907-409-811-503,2025,7,0
173-999-945-647-330,2025,2,1
174-067-845-315-79X,2025,3,0
174-222-642-485-411,2025,1,1
174-686-220-893-98X,2025,1,0
174-784-479-530-407,2025,2,0
174-808-479-784-988,2025,2,0
174-989-803-290-345,2025,1,0
175-026-704-618-354,2025,1,0
175-068-366-556-693,2025,1,0
175-271-136-491-891,2025,3,0
175-450-189-569-123,2025,1,0
175-470-168-885-678,2025,2,0
175-504-625-290-454,2025,3,0
175-554-491-162-785,2025,1,0
175-804-134-771-266,2025,4,0
175-811-279-737-347,2025,2,2
175-847-156-409-882,2025,2,0
175-900-245-136-935,2025,2,0
175-909-978-815-020,2025,1,1
175-971-011-548-919,2025,1,0
176-019-227-065-646,2025,3,0
176-038-780-814-060,2025,1,0
176-118-921-743-463,2025,4,0
176-233-542-079-877,2025,1,1
176-268-011-038-814,2025,1,0
176-512-047-185-578,2025,2,1
176-550-446-427-922,2025,1,1
176-753-987-036-625,2025,1,0
176-800-624-700-397,2025,1,0
176-958-928-589-288,2025,1,0
177-054-099-733-24X,2025,1,0
177-144-669-021-527,2025,1,6
177-207-014-291-994,2025,1,0
177-389-893-169-919,2025,2,0
177-496-366-795-663,2025,3,2
177-666-553-477-58X,2025,1,0
177-777-818-376-875,2025,2,1
177-825-281-068-058,2025,2,0
177-849-790-922-319,2025,1,0
177-862-637-794-222,2025,1,0
177-877-178-510-156,2025,2,7
177-905-732-312-284,2025,3,0
177-949-881-920-368,2025,1,0
178-224-352-922-550,2025,2,1
178-238-305-254-032,2025,3,0
178-582-971-127-855,2025,1,0
178-607-890-443-221,2025,2,0
178-752-251-380-480,2025,1,0
178-956-171-113-440,2025,1,0
179-032-171-566-999,2025,1,2
179-065-664-241-878,2025,1,0
179-109-025-501-508,2025,1,0
179-295-054-863-796,2025,2,0
179-303-026-660-251,2025,1,0
179-363-652-595-594,2025,1,0
179-416-283-404-049,2025,1,0
179-525-212-306-081,2025,2,0
179-550-510-316-223,2025,1,0
179-578-169-238-907,2025,3,0
179-686-847-935-460,2025,2,0
180-066-530-877-475,2025,1,0
180-103-041-774-432,2025,3,0
180-233-654-318-793,2025,2,1
180-321-026-882-107,2025,4,0
180-401-110-352-109,2025,1,0
180-505-835-599-180,2025,4,0
180-666-482-912-107,2025,2,0
180-756-598-047-927,2025,1,0
180-839-298-982-642,2025,1,0
180-841-474-370-657,2025,2,0
180-928-114-425-097,2025,1,0
181-061-626-459-220,2025,1,0
181-141-180-210-50X,2025,1,0
181-146-825-750-62X,2025,1,0
181-288-430-911-218,2025,1,0
181-291-419-382-092,2025,1,0
181-307-186-563-557,2025,2,0
181-794-156-896-175,2025,2,0
182-031-429-353-813,2025,2,0
182-046-016-153-161,2025,3,0
182-156-964-725-593,2025,1,0
182-196-071-734-94X,2025,1,0
182-216-350-203-645,2025,1,0
182-254-520-660-556,2025,2,0
182-588-319-525-969,2025,1,0
182-612-758-942-26X,2025,1,0
182-624-583-332-619,2025,1,2
182-670-478-975-29X,2025,2,1
182-674-111-946-642,2025,2,0
182-828-274-698-080,2025,2,0
183-006-274-014-05X,2025,4,1
183-055-278-435-792,2025,3,0
183-085-847-185-111,2025,2,0
183-196-677-571-053,2025,1,0
183-221-035-925-456,2025,1,0
183-282-619-857-791,2025,3,0
183-569-915-540-850,2025,1,0
183-967-893-712-642,2025,1,0
184-080-874-127-252,2025,1,0
184-205-673-834-74X,2025,1,0
184-267-587-701-346,2025,2,1
184-317-216-029-397,2025,3,0
184-476-379-726-726,2025,2,2
184-628-011-295-024,2025,1,0
184-647-096-636-126,2025,1,0
184-839-572-703-841,2025,1,1
185-107-138-572-714,2025,1,0
185-406-467-790-747,2025,3,1
185-515-111-151-621,2025,3,1
185-632-527-963-562,2025,3,1
185-746-159-615-42X,2025,1,0
185-778-066-217-226,2025,1,0
185-801-479-474-979,2025,1,0
186-045-307-662-469,2025,2,1
186-224-233-671-20X,2025,1,5
186-286-044-583-052,2025,4,0
186-391-717-248-393,2025,1,1
186-633-416-280-823,2025,3,0
186-662-725-351-552,2025,3,0
186-667-131-272-93X,2025,1,0
187-015-516-369-129,2025,1,1
187-159-815-328-91X,2025,1,0
187-818-346-407-75X,2025,1,1
187-864-958-300-299,2025,2,0
188-084-268-287-970,2025,1,0
188-268-952-632-175,2025,1,1
188-366-750-152-965,2025,2,0
188-538-465-145-019,2025,1,4
188-792-107-772-067,2025,2,0
188-939-688-761-887,2025,1,1
189-075-951-229-785,2025,3,1
189-168-416-039-19X,2025,2,0
189-248-731-129-347,2025,1,0
189-254-901-110-456,2025,1,0
189-475-125-461-50X,2025,1,0
189-810-447-483-045,2025,1,0
190-327-273-712-009,2025,1,1
190-359-428-137-077,2025,1,1
190-461-602-871-447,2025,1,0
190-554-628-061-605,2025,2,0
190-993-698-211-87X,2025,1,0
191-302-684-428-411,2025,2,0
191-332-829-379-380,2025,1,0
191-402-738-229-10X,2025,1,0
191-412-444-513-702,2025,1,2
191-713-889-473-255,2025,2,0
192-168-108-977-828,2025,1,0
192-225-817-305-926,2025,2,0
192-235-215-919-671,2025,1,0
192-281-061-457-634,2025,1,1
192-410-765-234-488,2025,1,0
192-512-860-158-222,2025,1,0
192-571-377-120-953,2025,3,0
192-606-254-164-70X,2025,2,0
192-640-333-255-836,2025,1,1
192-780-346-686-402,2025,2,0
192-864-606-273-144,2025,2,0
192-874-529-303-782,2025,2,0
192-897-027-393-011,2025,1,0
192-955-467-976-504,2025,1,0
193-036-123-512-705,2025,3,0
193-052-762-916-634,2025,3,0
193-275-559-709-857,2025,2,0
193-416-532-574-258,2025,2,0
193-424-872-857-107,2025,2,0
193-485-592-369-386,2025,2,0
193-572-525-874-185,2025,2,0
193-723-947-690-699,2025,2,0
193-893-465-206-392,2025,3,0
194-368-996-693-995,2025,7,1
194-498-070-084-825,2025,3,0
194-596-348-487-119,2025,2,0
195-000-717-346-650,2025,3,0
195-278-131-360-97X,2025,3,0
195-481-842-404-397,2025,2,0
195-526-707-887-871,2025,2,0
195-748-122-982-05X,2025,1,2
195-749-398-865-481,2025,4,0
195-749-839-143-055,2025,3,1
195-753-920-615-365,2025,2,0
195-767-019-800-194,2025,4,0
195-881-437-506-27X,2025,2,0
196-011-948-310-647,2025,2,1
196-013-070-915-793,2025,2,0
196-092-565-815-83X,2025,1,0
196-154-693-451-285,2025,6,0
196-922-812-098-189,2025,2,0
197-036-224-628-489,2025,1,0
197-192-357-244-985,2025,1,0
197-228-558-172-561,2025,1,0
197-423-692-480-884,2025,1,0
197-429-610-643-844,2025,1,0
197-775-298-210-746,2025,2,0
197-792-377-556-280,2025,2,0
197-811-534-069-752,2025,1,0
197-844-538-610-818,2025,2,1
197-874-058-723-896,2025,3,0
197-880-644-292-567,2025,1,0
198-081-553-015-981,2025,1,0
198-083-755-946-185,2025,1,0
198-191-558-731-837,2025,1,0
198-204-417-208-823,2025,1,0
198-528-787-988-936,2025,1,0
198-586-665-638-829,2025,2,0
198-597-490-738-716,2025,2,3
198-666-841-723-089,2025,1,0
198-669-676-728-428,2025,3,1
198-781-156-770-112,2025,3,0
198-867-511-848-322,2025,3,0
198-910-267-643-640,2025,1,0
198-920-520-807-522,2025,2,0
198-959-704-125-671,2025,1,0
198-966-208-273-873,2025,1,0
198-971-886-597-97X,2025,3,0
199-187-852-318-79X,2025,2,0
199-190-705-422-885,2025,1,0
199-506-475-798-876,2025,1,0
199-694-643-134-704,2025,3,0
199-869-024-453-88X,2025,1,0
